epoch;acc;loss;val_acc;val_loss
0;0.8023611111111111;0.48376537519445667;0.9361111111111111;0.2483683565005453
1;0.805;0.4661530566200963;0.9272222222222222;0.2632068390663092
